source_id,gender,master_category,sub_category,article_type,base_colour,season,year,usage,product_display_name,image_url
15970,Men,Apparel,Topwear,Shirts,Navy Blue,Fall,2011,Casual,Turtle Check Men Navy Blue Shirt,https://vnsjgfqfspzgecbkujkt.supabase.co/storage/v1/object/public/product-images/images/15970.jpg
39386,Men,Apparel,Bottomwear,Jeans,Blue,Summer,2012,Casual,Peter England Men Party Blue Jeans,https://vnsjgfqfspzgecbkujkt.supabase.co/storage/v1/object/public/product-images/images/39386.jpg
59263,Women,Accessories,Watches,Watches,Silver,Winter,2016,Casual,Titan Women Silver Watch,https://vnsjgfqfspzgecbkujkt.supabase.co/storage/v1/object/public/product-images/images/59263.jpg
21379,Men,Apparel,Bottomwear,Track Pants,Black,Fall,2011,Casual,Manchester United Men Solid Black Track Pants,https://vnsjgfqfspzgecbkujkt.supabase.co/storage/v1/object/public/product-images/images/21379.jpg
53759,Men,Apparel,Topwear,Tshirts,Grey,Summer,2012,Casual,Puma Men Grey T-shirt,https://vnsjgfqfspzgecbkujkt.supabase.co/storage/v1/object/public/product-images/images/53759.jpg
1855,Men,Apparel,Topwear,Tshirts,Grey,Summer,2011,Casual,Inkfruit Mens Chain Reaction T-shirt,https://vnsjgfqfspzgecbkujkt.supabase.co/storage/v1/object/public/product-images/images/1855.jpg
30805,Men,Apparel,Topwear,Shirts,Green,Summer,2012,Ethnic,Fabindia Men Striped Green Shirt,https://vnsjgfqfspzgecbkujkt.supabase.co/storage/v1/object/public/product-images/images/30805.jpg
26960,Women,Apparel,Topwear,Shirts,Purple,Summer,2012,Casual,Jealous 21 Women Purple Shirt,https://vnsjgfqfspzgecbkujkt.supabase.co/storage/v1/object/public/product-images/images/26960.jpg
29114,Men,Accessories,Socks,Socks,Navy Blue,Summer,2012,Casual,Puma Men Pack of 3 Socks,https://vnsjgfqfspzgecbkujkt.supabase.co/storage/v1/object/public/product-images/images/29114.jpg
30039,Men,Accessories,Watches,Watches,Black,Winter,2016,Casual,Skagen Men Black Watch,https://vnsjgfqfspzgecbkujkt.supabase.co/storage/v1/object/public/product-images/images/30039.jpg
9204,Men,Footwear,Shoes,Casual Shoes,Black,Summer,2011,Casual,Puma Men Future Cat Remix SF Black Casual Shoes,https://vnsjgfqfspzgecbkujkt.supabase.co/storage/v1/object/public/product-images/images/9204.jpg
48123,Women,Accessories,Belts,Belts,Black,Summer,2012,Casual,Fossil Women Black Huarache Weave Belt,https://vnsjgfqfspzgecbkujkt.supabase.co/storage/v1/object/public/product-images/images/48123.jpg
18653,Men,Footwear,Flip Flops,Flip Flops,Black,Fall,2011,Casual,Fila Men Cush Flex Black Slippers,https://vnsjgfqfspzgecbkujkt.supabase.co/storage/v1/object/public/product-images/images/18653.jpg
47957,Women,Accessories,Bags,Handbags,Blue,Summer,2012,Casual,Murcia Women Blue Handbag,https://vnsjgfqfspzgecbkujkt.supabase.co/storage/v1/object/public/product-images/images/47957.jpg
46885,Boys,Footwear,Flip Flops,Flip Flops,Navy Blue,Fall,2012,Casual,Ben 10 Boys Navy Blue Slippers,https://vnsjgfqfspzgecbkujkt.supabase.co/storage/v1/object/public/product-images/images/46885.jpg
12369,Men,Apparel,Topwear,Shirts,Purple,Fall,2011,Formal,Reid & Taylor Men Check Purple Shirts,https://vnsjgfqfspzgecbkujkt.supabase.co/storage/v1/object/public/product-images/images/12369.jpg
29928,Men,Accessories,Watches,Watches,Black,Winter,2016,Casual,Police Men Black Dial Watch PL12889JVSB,https://vnsjgfqfspzgecbkujkt.supabase.co/storage/v1/object/public/product-images/images/29928.jpg
42419,Girls,Apparel,Topwear,Tops,White,Summer,2012,Casual,Gini and Jony Girls Knit White Top,https://vnsjgfqfspzgecbkujkt.supabase.co/storage/v1/object/public/product-images/images/42419.jpg
51832,Women,Apparel,Innerwear,Bra,Beige,Summer,2016,Casual,Bwitch Beige Full-Coverage Bra BW335,https://vnsjgfqfspzgecbkujkt.supabase.co/storage/v1/object/public/product-images/images/51832.jpg
47359,Women,Accessories,Bags,Handbags,Brown,Summer,2012,Casual,Baggit Women Brown Handbag,https://vnsjgfqfspzgecbkujkt.supabase.co/storage/v1/object/public/product-images/images/47359.jpg
17429,Men,Accessories,Watches,Watches,Black,Winter,2016,Casual,CASIO G-Shock Men Black Digital Watch G-7710-1DR G223,https://vnsjgfqfspzgecbkujkt.supabase.co/storage/v1/object/public/product-images/images/17429.jpg
12967,Men,Footwear,Sandal,Sandals,Black,Fall,2011,Casual,ADIDAS Men Spry M Black Sandals,https://vnsjgfqfspzgecbkujkt.supabase.co/storage/v1/object/public/product-images/images/12967.jpg
6842,Unisex,Accessories,Shoe Accessories,Shoe Accessories,Black,Summer,2011,Casual,Timberland Unisex Rubber Sole Brush Shoe Accessories,https://vnsjgfqfspzgecbkujkt.supabase.co/storage/v1/object/public/product-images/images/6842.jpg
13089,Men,Apparel,Topwear,Sweatshirts,Grey,Fall,2011,Sports,ADIDAS Men Lfc Auth Hood Grey Sweatshirts,https://vnsjgfqfspzgecbkujkt.supabase.co/storage/v1/object/public/product-images/images/13089.jpg
18461,Men,Personal Care,Fragrance,Deodorant,White,Spring,2017,Casual,David Beckham Signature Men Deos,https://vnsjgfqfspzgecbkujkt.supabase.co/storage/v1/object/public/product-images/images/18461.jpg
9036,Men,Footwear,Shoes,Formal Shoes,Black,Winter,2011,Formal,Buckaroo Men Flores Black Formal Shoes,https://vnsjgfqfspzgecbkujkt.supabase.co/storage/v1/object/public/product-images/images/9036.jpg
48311,Women,Accessories,Jewellery,Bracelet,Bronze,Winter,2012,Casual,Pitaraa Women Bronze Beaded Bracelet,https://vnsjgfqfspzgecbkujkt.supabase.co/storage/v1/object/public/product-images/images/48311.jpg
7990,Men,Apparel,Topwear,Tshirts,Navy Blue,Fall,2011,Sports,Fila Men's Round Neck Navy Blue T-shirt,https://vnsjgfqfspzgecbkujkt.supabase.co/storage/v1/object/public/product-images/images/7990.jpg
56019,Women,Personal Care,Lips,Lipstick,Brown,Spring,2017,Casual,Colorbar Soft Touch Show Stopper Copper Lipstick 037,https://vnsjgfqfspzgecbkujkt.supabase.co/storage/v1/object/public/product-images/images/56019.jpg
21977,Women,Accessories,Bags,Handbags,Brown,Winter,2015,Casual,Murcia Women Casual Brown Handbag,https://vnsjgfqfspzgecbkujkt.supabase.co/storage/v1/object/public/product-images/images/21977.jpg
37812,Men,Apparel,Topwear,Shirts,Navy Blue,Summer,2012,Formal,John Players Men Navy Blue Shirt,https://vnsjgfqfspzgecbkujkt.supabase.co/storage/v1/object/public/product-images/images/37812.jpg
4729,Boys,Apparel,Topwear,Tshirts,Green,Summer,2011,Casual,Disney Kids Boy's Crew Sea Life Sialing Green Teen Kidswear,https://vnsjgfqfspzgecbkujkt.supabase.co/storage/v1/object/public/product-images/images/4729.jpg
56825,Men,Apparel,Topwear,Shirts,Brown,Summer,2012,Casual,John Players Men Brown Shirt,https://vnsjgfqfspzgecbkujkt.supabase.co/storage/v1/object/public/product-images/images/56825.jpg
39988,Men,Footwear,Shoes,Casual Shoes,White,Winter,2014,Casual,Gas Men Europa White Shoes,https://vnsjgfqfspzgecbkujkt.supabase.co/storage/v1/object/public/product-images/images/39988.jpg
59051,Women,Footwear,Shoes,Flats,Black,Winter,2012,Casual,Carlton London Women Black & Gold Toned Flats,https://vnsjgfqfspzgecbkujkt.supabase.co/storage/v1/object/public/product-images/images/59051.jpg
20099,Women,Apparel,Topwear,Kurtas,Green,Fall,2011,Ethnic,Diva Women Embroided Green Kurta,https://vnsjgfqfspzgecbkujkt.supabase.co/storage/v1/object/public/product-images/images/20099.jpg
58183,Women,Accessories,Bags,Handbags,White,Summer,2012,Casual,Rocky S Women White Handbag,https://vnsjgfqfspzgecbkujkt.supabase.co/storage/v1/object/public/product-images/images/58183.jpg
29742,Women,Accessories,Bags,Handbags,Teal,Summer,2012,Casual,Kiara Women Teal Handbag,https://vnsjgfqfspzgecbkujkt.supabase.co/storage/v1/object/public/product-images/images/29742.jpg
51658,Women,Accessories,Watches,Watches,Copper,Winter,2016,Casual,Fossil Women Copper Chronograph Watch CH2589,https://vnsjgfqfspzgecbkujkt.supabase.co/storage/v1/object/public/product-images/images/51658.jpg
3954,Women,Apparel,Topwear,Tshirts,Pink,Summer,2011,Casual,Jealous 21 Women's Pink T-shirt,https://vnsjgfqfspzgecbkujkt.supabase.co/storage/v1/object/public/product-images/images/3954.jpg
18839,Men,Accessories,Belts,Belts,Black,Fall,2011,Formal,Peter England Men Formal Black Belt,https://vnsjgfqfspzgecbkujkt.supabase.co/storage/v1/object/public/product-images/images/18839.jpg
2886,Women,Footwear,Shoes,Flats,Brown,Winter,2015,Casual,Catwalk Women Leather Brown Flats,https://vnsjgfqfspzgecbkujkt.supabase.co/storage/v1/object/public/product-images/images/2886.jpg
23278,Men,Accessories,Watches,Watches,Off White,Winter,2016,Casual,Maxima Ssteele Men Off White Watch,https://vnsjgfqfspzgecbkujkt.supabase.co/storage/v1/object/public/product-images/images/23278.jpg
28690,Women,Apparel,Topwear,Kurtas,Beige,Summer,2012,Ethnic,W Women Printed Beige Kurta,https://vnsjgfqfspzgecbkujkt.supabase.co/storage/v1/object/public/product-images/images/28690.jpg
8580,Men,Apparel,Topwear,Waistcoat,Grey,Fall,2011,Casual,Scullers Men  Grey Waistcoat,https://vnsjgfqfspzgecbkujkt.supabase.co/storage/v1/object/public/product-images/images/8580.jpg
3168,Men,Footwear,Shoes,Sports Shoes,White,Fall,2010,Sports,Nike Men's Incinerate MSL White Blue Shoe,https://vnsjgfqfspzgecbkujkt.supabase.co/storage/v1/object/public/product-images/images/3168.jpg
18005,Men,Apparel,Bottomwear,Shorts,Black,Summer,2011,Sports,Puma Men Long Logo Black Bermuda,https://vnsjgfqfspzgecbkujkt.supabase.co/storage/v1/object/public/product-images/images/18005.jpg
17871,Men,Apparel,Innerwear,Briefs,Maroon,Winter,2016,Casual,Levis Men Boxer Maroon Brief,https://vnsjgfqfspzgecbkujkt.supabase.co/storage/v1/object/public/product-images/images/17871.jpg
9452,Men,Apparel,Topwear,Shirts,Red,Fall,2011,Formal,John Miller Men Stripes White Red Shirts,https://vnsjgfqfspzgecbkujkt.supabase.co/storage/v1/object/public/product-images/images/9452.jpg
38402,Women,Accessories,Belts,Belts,Black,Summer,2012,Casual,Baggit Women Hood Dabang Black Belt,https://vnsjgfqfspzgecbkujkt.supabase.co/storage/v1/object/public/product-images/images/38402.jpg
44984,Women,Accessories,Watches,Watches,White,Winter,2016,Casual,Maxima Women White Dial Watch,https://vnsjgfqfspzgecbkujkt.supabase.co/storage/v1/object/public/product-images/images/44984.jpg
10268,Men,Footwear,Shoes,Formal Shoes,Black,Fall,2012,Formal,Clarks Men Hang Work Leather Black Formal Shoes,https://vnsjgfqfspzgecbkujkt.supabase.co/storage/v1/object/public/product-images/images/10268.jpg
45856,Women,Apparel,Topwear,Kurtas,Brown,Summer,2012,Ethnic,Vishudh Women Brown Kurta,https://vnsjgfqfspzgecbkujkt.supabase.co/storage/v1/object/public/product-images/images/45856.jpg
32138,Men,Apparel,Innerwear,Briefs,Blue,Summer,2016,Casual,Playboy Men Blue Titanium Briefs,https://vnsjgfqfspzgecbkujkt.supabase.co/storage/v1/object/public/product-images/images/32138.jpg
59435,Men,Footwear,Shoes,Formal Shoes,Black,Summer,2012,Formal,Arrow Men Black Formal Shoes,https://vnsjgfqfspzgecbkujkt.supabase.co/storage/v1/object/public/product-images/images/59435.jpg
5891,Men,Apparel,Topwear,Tshirts,Black,Summer,2011,Casual,Puma Men's Stripe Polo Black T-shirt,https://vnsjgfqfspzgecbkujkt.supabase.co/storage/v1/object/public/product-images/images/5891.jpg
38630,Women,Apparel,Topwear,Tshirts,Purple,Summer,2012,Casual,Nike Women Purple Polo T-shirt,https://vnsjgfqfspzgecbkujkt.supabase.co/storage/v1/object/public/product-images/images/38630.jpg
4943,Men,Apparel,Topwear,Shirts,White,Summer,2011,Casual,Gini and Jony Boy's Kaleb White Brown Kidswear,https://vnsjgfqfspzgecbkujkt.supabase.co/storage/v1/object/public/product-images/images/4943.jpg
11188,Men,Accessories,Watches,Watches,Silver,Winter,2016,Casual,Carrera Men Dial steel finish strap Silver Watches,https://vnsjgfqfspzgecbkujkt.supabase.co/storage/v1/object/public/product-images/images/11188.jpg
10866,Men,Apparel,Topwear,Tshirts,Red,Fall,2011,Casual,Wrangler Men Motor Rider Red T-Shirts,https://vnsjgfqfspzgecbkujkt.supabase.co/storage/v1/object/public/product-images/images/10866.jpg
59607,Women,Apparel,Saree,Sarees,Grey,Fall,2012,Ethnic,FNF Pink & Grey Wedding Collection Sari,https://vnsjgfqfspzgecbkujkt.supabase.co/storage/v1/object/public/product-images/images/59607.jpg
15528,Men,Apparel,Topwear,Tshirts,Black,Fall,2011,Casual,Puma Men Scribble Black Tshirts,https://vnsjgfqfspzgecbkujkt.supabase.co/storage/v1/object/public/product-images/images/15528.jpg
45258,Men,Accessories,Watches,Watches,Black,Winter,2016,Casual,CASIO EDIFICE Men Black Dial Chronograph Watch ED60,https://vnsjgfqfspzgecbkujkt.supabase.co/storage/v1/object/public/product-images/images/45258.jpg
42841,Women,Accessories,Bags,Handbags,Beige,Summer,2012,Casual,French Connection Women Beige Handbag,https://vnsjgfqfspzgecbkujkt.supabase.co/storage/v1/object/public/product-images/images/42841.jpg
22198,Men,Footwear,Shoes,Casual Shoes,Black,Fall,2012,Casual,Timberland Men Black Casual Shoes,https://vnsjgfqfspzgecbkujkt.supabase.co/storage/v1/object/public/product-images/images/22198.jpg
29570,Men,Footwear,Shoes,Casual Shoes,Purple,Summer,2012,Casual,Vans Men Classic Slip-On Purple & Black Shoes,https://vnsjgfqfspzgecbkujkt.supabase.co/storage/v1/object/public/product-images/images/29570.jpg
43993,Women,Personal Care,Fragrance,Perfume and Body Mist,Pink,Spring,2017,Casual,Police Women Passion Perfume,https://vnsjgfqfspzgecbkujkt.supabase.co/storage/v1/object/public/product-images/images/43993.jpg
6628,Men,Footwear,Shoes,Sports Shoes,White,Summer,2011,Sports,ADIDAS Men's Lowell White Silver Shoe,https://vnsjgfqfspzgecbkujkt.supabase.co/storage/v1/object/public/product-images/images/6628.jpg
54924,Men,Apparel,Bottomwear,Shorts,Blue,Summer,2012,Casual,Do U Speak Green Men Blue Shorts,https://vnsjgfqfspzgecbkujkt.supabase.co/storage/v1/object/public/product-images/images/54924.jpg
26538,Men,Footwear,Shoes,Casual Shoes,Red,Fall,2012,Casual,ID Men Red Shoes,https://vnsjgfqfspzgecbkujkt.supabase.co/storage/v1/object/public/product-images/images/26538.jpg
35913,Women,Accessories,Bags,Handbags,Black,Summer,2012,Casual,Peperone Women Black & White Handbag,https://vnsjgfqfspzgecbkujkt.supabase.co/storage/v1/object/public/product-images/images/35913.jpg
49495,Men,Footwear,Shoes,Casual Shoes,Khaki,Summer,2012,Casual,Vans Men Khaki Shoes,https://vnsjgfqfspzgecbkujkt.supabase.co/storage/v1/object/public/product-images/images/49495.jpg
9660,Men,Apparel,Topwear,Shirts,Pink,Fall,2011,Casual,Indigo Nation Men Reversible Bling Pink Shirts,https://vnsjgfqfspzgecbkujkt.supabase.co/storage/v1/object/public/product-images/images/9660.jpg
2288,Women,Apparel,Topwear,Tshirts,Black,Fall,2010,Sports,Nike Women Black T-shirt,https://vnsjgfqfspzgecbkujkt.supabase.co/storage/v1/object/public/product-images/images/2288.jpg
23876,Men,Apparel,Topwear,Sweatshirts,Blue,Fall,2011,Casual,ADIDAS Men Blue Sweatshirt,https://vnsjgfqfspzgecbkujkt.supabase.co/storage/v1/object/public/product-images/images/23876.jpg
18237,Men,Apparel,Topwear,Tshirts,Red,Fall,2011,Casual,Manchester United Men Solid Red Tshirt,https://vnsjgfqfspzgecbkujkt.supabase.co/storage/v1/object/public/product-images/images/18237.jpg
54118,Women,Footwear,Shoes,Heels,Black,Winter,2012,Casual,Rocia Women Black Flats,https://vnsjgfqfspzgecbkujkt.supabase.co/storage/v1/object/public/product-images/images/54118.jpg
2872,Women,Footwear,Shoes,Heels,Brown,Winter,2015,Casual,Catwalk Women Leather Flats,https://vnsjgfqfspzgecbkujkt.supabase.co/storage/v1/object/public/product-images/images/2872.jpg
49653,Women,Apparel,Topwear,Tops,Green,Summer,2012,Casual,Mineral Women Green Top,https://vnsjgfqfspzgecbkujkt.supabase.co/storage/v1/object/public/product-images/images/49653.jpg
8574,Women,Footwear,Sandal,Sandals,Pink,Fall,2011,Casual,Crocs Dora Boots Pink Sandals,https://vnsjgfqfspzgecbkujkt.supabase.co/storage/v1/object/public/product-images/images/8574.jpg
16957,Men,Accessories,Eyewear,Sunglasses,Black,Winter,2016,Casual,Image Men Sunglasses,https://vnsjgfqfspzgecbkujkt.supabase.co/storage/v1/object/public/product-images/images/16957.jpg
19123,Men,Footwear,Flip Flops,Flip Flops,Silver,Fall,2011,Casual,Lotto Men XL Water Man Silver Slippers,https://vnsjgfqfspzgecbkujkt.supabase.co/storage/v1/object/public/product-images/images/19123.jpg
13419,Men,Apparel,Topwear,Tshirts,Pink,Summer,2011,Casual,United Colors of Benetton Men Solid Pink Polo T-shirts,https://vnsjgfqfspzgecbkujkt.supabase.co/storage/v1/object/public/product-images/images/13419.jpg
17885,Men,Apparel,Innerwear,Innerwear Vests,Grey,Summer,2016,Casual,Levis Men Comfort Style Grey Innerwear Vest,https://vnsjgfqfspzgecbkujkt.supabase.co/storage/v1/object/public/product-images/images/17885.jpg
43369,Men,Footwear,Flip Flops,Flip Flops,Black,Summer,2013,Casual,Reebok Men Black Possession Flip Flops,https://vnsjgfqfspzgecbkujkt.supabase.co/storage/v1/object/public/product-images/images/43369.jpg
48781,Women,Accessories,Jewellery,Pendant,Silver,Summer,2012,Casual,Lucera Women Silver Pendant,https://vnsjgfqfspzgecbkujkt.supabase.co/storage/v1/object/public/product-images/images/48781.jpg
44970,Men,Accessories,Watches,Watches,White,Winter,2016,Casual,Maxima Men White Dial Analog Chronograph Watch,https://vnsjgfqfspzgecbkujkt.supabase.co/storage/v1/object/public/product-images/images/44970.jpg
56489,Women,Personal Care,Nails,Nail Polish,Bronze,Spring,2017,NA,Streetwear Ash Nail Polish # 31,https://vnsjgfqfspzgecbkujkt.supabase.co/storage/v1/object/public/product-images/images/56489.jpg
39524,Unisex,Accessories,Bags,Laptop Bag,Orange,Summer,2012,Casual,Peter England Unisex Orange Sleeve Bag,https://vnsjgfqfspzgecbkujkt.supabase.co/storage/v1/object/public/product-images/images/39524.jpg
33822,Men,Footwear,Shoes,Sports Shoes,White,Summer,2012,Sports,Puma Men Axis White & Grey Sports Shoes,https://vnsjgfqfspzgecbkujkt.supabase.co/storage/v1/object/public/product-images/images/33822.jpg
58513,Women,Apparel,Topwear,Tops,Off White,Summer,2012,Casual,Tonga Women Maroon Top,https://vnsjgfqfspzgecbkujkt.supabase.co/storage/v1/object/public/product-images/images/58513.jpg
25947,Women,Accessories,Scarves,Scarves,Brown,Summer,2012,Casual,Femella Women Brown Scarf,https://vnsjgfqfspzgecbkujkt.supabase.co/storage/v1/object/public/product-images/images/25947.jpg
52029,Unisex,Apparel,Topwear,Rain Jacket,Coffee Brown,Summer,2012,NA,Just Natural Unisex Charcoal Rain Jacket,https://vnsjgfqfspzgecbkujkt.supabase.co/storage/v1/object/public/product-images/images/52029.jpg
5865,Men,Apparel,Topwear,Tshirts,Black,Summer,2011,Casual,ADIDAS Men's Twelve Faster T-shirt,https://vnsjgfqfspzgecbkujkt.supabase.co/storage/v1/object/public/product-images/images/5865.jpg
39716,Women,Apparel,Dress,Dresses,Blue,Summer,2012,Casual,Arrow Woman Women Blue Dress,https://vnsjgfqfspzgecbkujkt.supabase.co/storage/v1/object/public/product-images/images/39716.jpg
25349,Men,Apparel,Innerwear,Briefs,Red,Summer,2016,Casual,Levis Men Red Brief,https://vnsjgfqfspzgecbkujkt.supabase.co/storage/v1/object/public/product-images/images/25349.jpg
11940,Men,Footwear,Sandal,Sandals,Black,Summer,2011,Casual,Ganuchi Men Casual Black Sandals,https://vnsjgfqfspzgecbkujkt.supabase.co/storage/v1/object/public/product-images/images/11940.jpg
55802,Women,Apparel,Loungewear and Nightwear,Night suits,White,Summer,2017,Casual,SDL by Sweet Dreams Women Green Printed Night Suit S11-3124,https://vnsjgfqfspzgecbkujkt.supabase.co/storage/v1/object/public/product-images/images/55802.jpg
29584,Men,Apparel,Topwear,Tshirts,Black,Summer,2012,Casual,Indigo Nation Men Printed Black T-shirt,https://vnsjgfqfspzgecbkujkt.supabase.co/storage/v1/object/public/product-images/images/29584.jpg
43967,Women,Personal Care,Fragrance,Perfume and Body Mist,Red,Spring,2017,Casual,DKNY Women Red Delicious Perfume,https://vnsjgfqfspzgecbkujkt.supabase.co/storage/v1/object/public/product-images/images/43967.jpg
28456,Women,Apparel,Bottomwear,Skirts,Blue,Summer,2012,Sports,Urban Yoga Women Blue Skirt With Leggings,https://vnsjgfqfspzgecbkujkt.supabase.co/storage/v1/object/public/product-images/images/28456.jpg
34009,Girls,Apparel,Topwear,Tops,Black,Summer,2012,Casual,Gini and Jony Girls Black Top,https://vnsjgfqfspzgecbkujkt.supabase.co/storage/v1/object/public/product-images/images/34009.jpg
19311,Men,Footwear,Shoes,Casual Shoes,White,Fall,2011,Casual,Nike Men Air Rift MTR White Casual Shoe,https://vnsjgfqfspzgecbkujkt.supabase.co/storage/v1/object/public/product-images/images/19311.jpg
42089,Men,Footwear,Shoes,Sports Shoes,White,Summer,2012,Sports,ADIDAS Men White Corona Sports Shoes,https://vnsjgfqfspzgecbkujkt.supabase.co/storage/v1/object/public/product-images/images/42089.jpg
22950,Unisex,Accessories,Watches,Watches,Black,Winter,2016,Casual,Fastrack Unisex Black Dial Watch 9915PP13,https://vnsjgfqfspzgecbkujkt.supabase.co/storage/v1/object/public/product-images/images/22950.jpg
49461,Men,Footwear,Shoes,Casual Shoes,Blue,Summer,2012,Casual,Vans Men Blue Era Scilla Plaid Shoes,https://vnsjgfqfspzgecbkujkt.supabase.co/storage/v1/object/public/product-images/images/49461.jpg
8746,Unisex,Footwear,Flip Flops,Flip Flops,Navy Blue,Summer,2015,Casual,Crocs Kids Navy Blue Clogs,https://vnsjgfqfspzgecbkujkt.supabase.co/storage/v1/object/public/product-images/images/8746.jpg
9694,Men,Apparel,Topwear,Tshirts,White,Fall,2011,Casual,Classic Polo Men Vulcan White Polo Tshirts,https://vnsjgfqfspzgecbkujkt.supabase.co/storage/v1/object/public/product-images/images/9694.jpg
23882,Men,Footwear,Shoes,Sports Shoes,Grey,Fall,2011,Sports,Fila Men Destiny Grey Sports Shoes,https://vnsjgfqfspzgecbkujkt.supabase.co/storage/v1/object/public/product-images/images/23882.jpg
34835,Men,Footwear,Shoes,Sports Shoes,Blue,Summer,2012,Sports,ADIDAS Men Blue Chill Sports Shoes,https://vnsjgfqfspzgecbkujkt.supabase.co/storage/v1/object/public/product-images/images/34835.jpg
15984,Men,Apparel,Topwear,Shirts,Yellow,Fall,2011,Casual,Turtle Check Men Yellow Shirt,https://vnsjgfqfspzgecbkujkt.supabase.co/storage/v1/object/public/product-images/images/15984.jpg
41268,Men,Accessories,Wallets,Wallets,Black,Summer,2012,Casual,Arrow Men Black Wallet,https://vnsjgfqfspzgecbkujkt.supabase.co/storage/v1/object/public/product-images/images/41268.jpg
11518,Women,Footwear,Shoes,Heels,Grey,Winter,2015,Casual,Catwalk Women Gun Metal Grey Heels,https://vnsjgfqfspzgecbkujkt.supabase.co/storage/v1/object/public/product-images/images/11518.jpg
14856,Women,Accessories,Wallets,Wallets,Beige,Summer,2011,Casual,United Colors of Benetton Women Solid Beige Wallets,https://vnsjgfqfspzgecbkujkt.supabase.co/storage/v1/object/public/product-images/images/14856.jpg
33648,Men,Footwear,Sandal,Sandals,Brown,Summer,2012,Casual,Lotto Men Ridge Brown Sandals,https://vnsjgfqfspzgecbkujkt.supabase.co/storage/v1/object/public/product-images/images/33648.jpg
59297,Men,Apparel,Topwear,Shirts,White,Fall,2012,Casual,U.S. Polo Assn. Men White & Navy Blue Shirt,https://vnsjgfqfspzgecbkujkt.supabase.co/storage/v1/object/public/product-images/images/59297.jpg
28032,Men,Apparel,Innerwear,Briefs,White,Summer,2016,Casual,Jockey ELANCE Men Bikini White Brief 1005,https://vnsjgfqfspzgecbkujkt.supabase.co/storage/v1/object/public/product-images/images/28032.jpg
27846,Women,Apparel,Topwear,Blazers,Charcoal,Summer,2012,Formal,Scullers For Her Charcoal Blazer,https://vnsjgfqfspzgecbkujkt.supabase.co/storage/v1/object/public/product-images/images/27846.jpg
26994,Women,Apparel,Bottomwear,Jeans,Black,Summer,2012,Casual,Jealous 21 Women Black Jeans,https://vnsjgfqfspzgecbkujkt.supabase.co/storage/v1/object/public/product-images/images/26994.jpg
49839,Women,Footwear,Flip Flops,Flip Flops,Red,Winter,2012,Casual,iPanema Women Red Flip Flops,https://vnsjgfqfspzgecbkujkt.supabase.co/storage/v1/object/public/product-images/images/49839.jpg
31923,Women,Accessories,Bags,Handbags,Blue,Summer,2012,Casual,Fabindia Women Blue Silk Sling Bag,https://vnsjgfqfspzgecbkujkt.supabase.co/storage/v1/object/public/product-images/images/31923.jpg
2618,Women,Footwear,Shoes,Flats,Silver,Spring,2010,Casual,Carlton London Women Silver Wedge Sandal,https://vnsjgfqfspzgecbkujkt.supabase.co/storage/v1/object/public/product-images/images/2618.jpg
54588,Women,Apparel,Topwear,Kurtas,Green,Summer,2012,Ethnic,Sushilas Women Printed Green Kurta,https://vnsjgfqfspzgecbkujkt.supabase.co/storage/v1/object/public/product-images/images/54588.jpg
49005,Women,Accessories,Jewellery,Ring,Silver,Summer,2012,Casual,Lucera Women Silver Ring,https://vnsjgfqfspzgecbkujkt.supabase.co/storage/v1/object/public/product-images/images/49005.jpg
8322,Boys,Apparel,Topwear,Tshirts,Blue,Fall,2011,Casual,Doodle Boy's Route 66 Biker Blue Teen Kidswear,https://vnsjgfqfspzgecbkujkt.supabase.co/storage/v1/object/public/product-images/images/8322.jpg
13841,Unisex,Accessories,Watches,Watches,White,Winter,2016,Casual,ADIDAS Unisex Three Small Dials White Watches,https://vnsjgfqfspzgecbkujkt.supabase.co/storage/v1/object/public/product-images/images/13841.jpg
28200,Men,Accessories,Eyewear,Sunglasses,Copper,Winter,2016,Casual,Ray-Ban Men Active Lifestyle Copper Sunglasses,https://vnsjgfqfspzgecbkujkt.supabase.co/storage/v1/object/public/product-images/images/28200.jpg
12993,Unisex,Footwear,Shoes,Sports Shoes,Black,Fall,2011,Sports,ADIDAS Kids Adispeed Black Sports Shoes,https://vnsjgfqfspzgecbkujkt.supabase.co/storage/v1/object/public/product-images/images/12993.jpg
7158,Men,Apparel,Topwear,Shirts,Green,Fall,2011,Casual,Scullers Men  Green Check Shirt,https://vnsjgfqfspzgecbkujkt.supabase.co/storage/v1/object/public/product-images/images/7158.jpg
18495,Men,Footwear,Sandal,Sandals,White,Fall,2011,Casual,Puma Men Fashion Cat White Slipper,https://vnsjgfqfspzgecbkujkt.supabase.co/storage/v1/object/public/product-images/images/18495.jpg
8110,Men,Accessories,Watches,Watches,Black,Winter,2016,Casual,Fastrack Men Economy 2 Analg Black Watch,https://vnsjgfqfspzgecbkujkt.supabase.co/storage/v1/object/public/product-images/images/8110.jpg
19547,Men,Apparel,Topwear,Sweatshirts,Blue,Fall,2011,Casual,United Colors of Benetton Men Solid Blue Sweatshirt,https://vnsjgfqfspzgecbkujkt.supabase.co/storage/v1/object/public/product-images/images/19547.jpg
7964,Men,Apparel,Topwear,Tshirts,Black,Fall,2011,Sports,Puma Men's Large Logo Graphic Black T-shirt,https://vnsjgfqfspzgecbkujkt.supabase.co/storage/v1/object/public/product-images/images/7964.jpg
36934,Women,Personal Care,Fragrance,Perfume and Body Mist,Gold,Spring,2017,Casual,Giorgio Armani Women Idole Perfume,https://vnsjgfqfspzgecbkujkt.supabase.co/storage/v1/object/public/product-images/images/36934.jpg
39140,Women,Apparel,Apparel Set,Kurta Sets,Black,Summer,2012,Ethnic,Aneri Women Black & Maroon Salwar Suit,https://vnsjgfqfspzgecbkujkt.supabase.co/storage/v1/object/public/product-images/images/39140.jpg
20851,Women,Accessories,Bags,Clutches,Red,Winter,2015,Casual,Spice Art Women Ribbon Embroidery Red Clutch,https://vnsjgfqfspzgecbkujkt.supabase.co/storage/v1/object/public/product-images/images/20851.jpg
41866,Men,Footwear,Sandal,Sandals,Beige,Fall,2015,Casual,Estd. 1977 Men Beige & Green Sandals,https://vnsjgfqfspzgecbkujkt.supabase.co/storage/v1/object/public/product-images/images/41866.jpg
58177,Women,Accessories,Bags,Handbags,Brown,Summer,2012,Casual,Rocky S Women Brown Handbag,https://vnsjgfqfspzgecbkujkt.supabase.co/storage/v1/object/public/product-images/images/58177.jpg
44528,Men,Footwear,Sandal,Sandals,Black,Summer,2012,Casual,Coolers Men Black Sandals,https://vnsjgfqfspzgecbkujkt.supabase.co/storage/v1/object/public/product-images/images/44528.jpg
16392,Men,Apparel,Topwear,Shirts,Red,Fall,2011,Casual,Levis Men Check Red Shirts,https://vnsjgfqfspzgecbkujkt.supabase.co/storage/v1/object/public/product-images/images/16392.jpg
51455,Women,Apparel,Topwear,Shrug,Pink,Summer,2012,Casual,Tonga Women Pink Printed Shrug,https://vnsjgfqfspzgecbkujkt.supabase.co/storage/v1/object/public/product-images/images/51455.jpg
50587,Men,Apparel,Innerwear,Briefs,Grey,Summer,2016,Casual,Chromozome Men Grey Briefs,https://vnsjgfqfspzgecbkujkt.supabase.co/storage/v1/object/public/product-images/images/50587.jpg
17240,Men,Apparel,Topwear,Tshirts,Black,Fall,2011,Casual,U.S. Polo Assn. Men Stripes Black  Polo Tshirt,https://vnsjgfqfspzgecbkujkt.supabase.co/storage/v1/object/public/product-images/images/17240.jpg
47530,Women,Footwear,Shoes,Flats,Copper,Winter,2012,Casual,Portia Women Copper-Toned & Brown Sandals,https://vnsjgfqfspzgecbkujkt.supabase.co/storage/v1/object/public/product-images/images/47530.jpg
6617,Men,Apparel,Topwear,Shirts,Black,Summer,2011,Casual,Spykar Men Black and white Check Shirt,https://vnsjgfqfspzgecbkujkt.supabase.co/storage/v1/object/public/product-images/images/6617.jpg
12732,Unisex,Accessories,Bags,Backpacks,Black,Fall,2011,Sports,Nike Unisex Swoosh Black Backpack,https://vnsjgfqfspzgecbkujkt.supabase.co/storage/v1/object/public/product-images/images/12732.jpg
3365,Men,Apparel,Topwear,Tshirts,Black,Summer,2011,Casual,Myntra Men's Brain Black T-shirt,https://vnsjgfqfspzgecbkujkt.supabase.co/storage/v1/object/public/product-images/images/3365.jpg
42042,Men,Footwear,Shoes,Sports Shoes,White,Summer,2012,Sports,Nike Men Air Relentless 2 MSL White Sports Shoes,https://vnsjgfqfspzgecbkujkt.supabase.co/storage/v1/object/public/product-images/images/42042.jpg
23849,Men,Footwear,Shoes,Casual Shoes,Black,Fall,2011,Casual,ADIDAS Men Black Anzo Breeze Casual Shoes,https://vnsjgfqfspzgecbkujkt.supabase.co/storage/v1/object/public/product-images/images/23849.jpg
43190,Women,Accessories,Watches,Watches,White,Winter,2016,Casual,Fastrack Women White Dial Watch,https://vnsjgfqfspzgecbkujkt.supabase.co/storage/v1/object/public/product-images/images/43190.jpg
48578,Men,Accessories,Jewellery,Bracelet,Steel,Summer,2012,Casual,Revv Men Steel Bracelet,https://vnsjgfqfspzgecbkujkt.supabase.co/storage/v1/object/public/product-images/images/48578.jpg
30462,Women,Apparel,Innerwear,Bra,Black,Summer,2014,Casual,Lovable Women All Day Long Black Bra,https://vnsjgfqfspzgecbkujkt.supabase.co/storage/v1/object/public/product-images/images/30462.jpg
18208,Men,Accessories,Headwear,Caps,White,Fall,2011,Casual,Manchester United Men Solid White Cap,https://vnsjgfqfspzgecbkujkt.supabase.co/storage/v1/object/public/product-images/images/18208.jpg
54127,Women,Footwear,Shoes,Heels,Black,Winter,2012,Casual,Rocia Women Black Heels,https://vnsjgfqfspzgecbkujkt.supabase.co/storage/v1/object/public/product-images/images/54127.jpg
10065,Men,Apparel,Topwear,Tshirts,Yellow,Fall,2011,Casual,Puma Men ducati logo tee Yellow Tshirts,https://vnsjgfqfspzgecbkujkt.supabase.co/storage/v1/object/public/product-images/images/10065.jpg
24250,Men,Footwear,Shoes,Casual Shoes,White,Fall,2012,Casual,Numero Uno Men White Casual Shoes,https://vnsjgfqfspzgecbkujkt.supabase.co/storage/v1/object/public/product-images/images/24250.jpg
32335,Men,Accessories,Watches,Watches,Silver,Winter,2016,Casual,Q&Q Men Silver-Toned Dial Analogue Watch Q252J404Y,https://vnsjgfqfspzgecbkujkt.supabase.co/storage/v1/object/public/product-images/images/32335.jpg
25382,Men,Apparel,Innerwear,Innerwear Vests,White,Summer,2016,Casual,Levis Men White Innerwear Vest,https://vnsjgfqfspzgecbkujkt.supabase.co/storage/v1/object/public/product-images/images/25382.jpg
56670,Men,Accessories,Watches,Watches,Black,Winter,2016,Casual,Maxima Men Black Dial Watch,https://vnsjgfqfspzgecbkujkt.supabase.co/storage/v1/object/public/product-images/images/56670.jpg
5092,Men,Apparel,Topwear,Tshirts,Purple,Summer,2011,Casual,Wrangler Men's Minstrel Shoulder Loop Purple T-shirt,https://vnsjgfqfspzgecbkujkt.supabase.co/storage/v1/object/public/product-images/images/5092.jpg
10859,Men,Apparel,Topwear,Tshirts,Navy Blue,Fall,2011,Casual,Wrangler Men Furious Rides Navy Blue T-Shirts,https://vnsjgfqfspzgecbkujkt.supabase.co/storage/v1/object/public/product-images/images/10859.jpg
59638,Women,Apparel,Saree,Sarees,Green,Fall,2012,Ethnic,FNF Green Wedding Collection Sari,https://vnsjgfqfspzgecbkujkt.supabase.co/storage/v1/object/public/product-images/images/59638.jpg
15517,Men,Footwear,Shoes,Casual Shoes,Red,Fall,2011,Casual,Rockport Men LLandro Red Casual Shoes,https://vnsjgfqfspzgecbkujkt.supabase.co/storage/v1/object/public/product-images/images/15517.jpg
4140,Women,Footwear,Shoes,Casual Shoes,Green,Winter,2015,Casual,Skechers Women Green Shoe,https://vnsjgfqfspzgecbkujkt.supabase.co/storage/v1/object/public/product-images/images/4140.jpg
36795,Men,Accessories,Watches,Watches,Silver,Winter,2016,Casual,Maxima Men Ssteele Silver Dial Watch,https://vnsjgfqfspzgecbkujkt.supabase.co/storage/v1/object/public/product-images/images/36795.jpg
40527,Men,Accessories,Watches,Watches,Gold,Winter,2016,Casual,Titan Men Gold Dial Watch,https://vnsjgfqfspzgecbkujkt.supabase.co/storage/v1/object/public/product-images/images/40527.jpg
10257,Men,Apparel,Bottomwear,Trousers,Black,Fall,2011,Formal,John Miller Men Solid Type Black Trousers,https://vnsjgfqfspzgecbkujkt.supabase.co/storage/v1/object/public/product-images/images/10257.jpg
24062,Men,Apparel,Topwear,Tshirts,Navy Blue,Summer,2012,Casual,Locomotive Men Navy Blue Printed T-shirt,https://vnsjgfqfspzgecbkujkt.supabase.co/storage/v1/object/public/product-images/images/24062.jpg
45869,Men,Accessories,Watches,Watches,Brown,Winter,2016,Casual,Maxima Men Brown Dial Watch,https://vnsjgfqfspzgecbkujkt.supabase.co/storage/v1/object/public/product-images/images/45869.jpg
11385,Women,Apparel,Topwear,Sweatshirts,Black,Fall,2011,Casual,United Colors Of Benetton Women Light Winter Black Sweatshirts,https://vnsjgfqfspzgecbkujkt.supabase.co/storage/v1/object/public/product-images/images/11385.jpg
53130,Women,Footwear,Shoes,Flats,Brown,Winter,2015,Casual,Catwalk Women Brown Sandals,https://vnsjgfqfspzgecbkujkt.supabase.co/storage/v1/object/public/product-images/images/53130.jpg
44187,Women,Personal Care,Fragrance,Perfume and Body Mist,White,Spring,2017,Casual,Nike Fragrances Women 5th Element Perfume 150 ml,https://vnsjgfqfspzgecbkujkt.supabase.co/storage/v1/object/public/product-images/images/44187.jpg
21510,Women,Accessories,Bags,Handbags,White,Winter,2015,Casual,Kiara Women Graphiti White Handbag,https://vnsjgfqfspzgecbkujkt.supabase.co/storage/v1/object/public/product-images/images/21510.jpg
51667,Men,Accessories,Eyewear,Sunglasses,Grey,Winter,2016,Casual,Louis Philippe Men Grey Sunglasses,https://vnsjgfqfspzgecbkujkt.supabase.co/storage/v1/object/public/product-images/images/51667.jpg
22395,Men,Apparel,Topwear,Shirts,Blue,Fall,2011,Casual,Mark Taylor Men Striped Blue Shirt,https://vnsjgfqfspzgecbkujkt.supabase.co/storage/v1/object/public/product-images/images/22395.jpg
35322,Women,Accessories,Jewellery,Earrings,Silver,Winter,2016,Ethnic,Fabindia Women Anusuya Silver Earrings,https://vnsjgfqfspzgecbkujkt.supabase.co/storage/v1/object/public/product-images/images/35322.jpg
6425,Unisex,Footwear,Shoes,Casual Shoes,Black,Summer,2011,Casual,Lotto Unisex Canvas Black Check Shoe,https://vnsjgfqfspzgecbkujkt.supabase.co/storage/v1/object/public/product-images/images/6425.jpg
18806,Men,Accessories,Belts,Belts,Tan,Summer,2011,Casual,Peter England Men Casual Tan Belt,https://vnsjgfqfspzgecbkujkt.supabase.co/storage/v1/object/public/product-images/images/18806.jpg
23247,Men,Footwear,Shoes,Formal Shoes,Black,Fall,2011,Formal,Arrow Men Formal Black Shoe,https://vnsjgfqfspzgecbkujkt.supabase.co/storage/v1/object/public/product-images/images/23247.jpg
17072,Women,Accessories,Belts,Belts,Grey,Winter,2015,Casual,Lino Perros Women Weaved  Grey Belt,https://vnsjgfqfspzgecbkujkt.supabase.co/storage/v1/object/public/product-images/images/17072.jpg
31782,Women,Apparel,Topwear,Tops,Blue,Summer,2012,Casual,Lee Women Paula Blue Top,https://vnsjgfqfspzgecbkujkt.supabase.co/storage/v1/object/public/product-images/images/31782.jpg
42270,Unisex,Footwear,Shoes,Casual Shoes,Black,Summer,2012,Casual,Vans Unisex Black & Grey Classic Shoes,https://vnsjgfqfspzgecbkujkt.supabase.co/storage/v1/object/public/product-images/images/42270.jpg
12500,Men,Apparel,Topwear,Shirts,Black,Fall,2011,Casual,United Colors of Benetton Men Short Black Shirts,https://vnsjgfqfspzgecbkujkt.supabase.co/storage/v1/object/public/product-images/images/12500.jpg
26735,Men,Personal Care,Fragrance,Deodorant,Black,Spring,2017,Casual,Reebok Men Pack of 2 Pirates of the Caribbean Deos,https://vnsjgfqfspzgecbkujkt.supabase.co/storage/v1/object/public/product-images/images/26735.jpg
30650,Men,Apparel,Topwear,Tshirts,Black,Summer,2012,Casual,Nike Men Printed Black T-shirt,https://vnsjgfqfspzgecbkujkt.supabase.co/storage/v1/object/public/product-images/images/30650.jpg
56026,Women,Personal Care,Lips,Lipstick,Brown,Spring,2017,Casual,Colorbar Soft Touch Mousse Lipstick 025,https://vnsjgfqfspzgecbkujkt.supabase.co/storage/v1/object/public/product-images/images/56026.jpg
21948,Women,Accessories,Bags,Handbags,Brown,Winter,2015,Casual,Murcia Women Casual Brown Handbag,https://vnsjgfqfspzgecbkujkt.supabase.co/storage/v1/object/public/product-images/images/21948.jpg
32563,Women,Apparel,Bottomwear,Trousers,Blue,Summer,2012,Casual,ONLY Women directoire blue Trousers,https://vnsjgfqfspzgecbkujkt.supabase.co/storage/v1/object/public/product-images/images/32563.jpg
58980,Women,Personal Care,Fragrance,Deodorant,Pink,Spring,2017,Casual,Colour me Women Flowers Deo,https://vnsjgfqfspzgecbkujkt.supabase.co/storage/v1/object/public/product-images/images/58980.jpg
40143,Girls,Apparel,Topwear,Tops,Blue,Summer,2012,Casual,Gini and Jony Girls Pretty Blossom Blue Top,https://vnsjgfqfspzgecbkujkt.supabase.co/storage/v1/object/public/product-images/images/40143.jpg
10633,Men,Footwear,Shoes,Formal Shoes,Brown,Fall,2011,Formal,Carlton London Men Formal Brown Formal Shoes,https://vnsjgfqfspzgecbkujkt.supabase.co/storage/v1/object/public/product-images/images/10633.jpg
24406,Women,Apparel,Topwear,Kurtas,Red,Summer,2012,Ethnic,Vishudh Women Red Printed Kurta,https://vnsjgfqfspzgecbkujkt.supabase.co/storage/v1/object/public/product-images/images/24406.jpg
4716,Unisex,Accessories,Watches,Watches,Black,Winter,2016,Sports,ADIDAS Unisex Response ST Analogue Black Watch,https://vnsjgfqfspzgecbkujkt.supabase.co/storage/v1/object/public/product-images/images/4716.jpg
21174,Women,Apparel,Topwear,Tops,Beige,Fall,2011,Casual,s.Oliver Women Stripes Beige Top,https://vnsjgfqfspzgecbkujkt.supabase.co/storage/v1/object/public/product-images/images/21174.jpg
15341,Women,Apparel,Bottomwear,Shorts,Pink,Fall,2011,Sports,Nike Women Solid Pink Shorts,https://vnsjgfqfspzgecbkujkt.supabase.co/storage/v1/object/public/product-images/images/15341.jpg
52486,Women,Apparel,Innerwear,Camisoles,Maroon,Winter,2015,Casual,Red Rose Maroon Camisole,https://vnsjgfqfspzgecbkujkt.supabase.co/storage/v1/object/public/product-images/images/52486.jpg
53554,Men,Apparel,Innerwear,Boxers,Multi,Summer,2016,Casual,Probase Multicoloured Printed Boxers,https://vnsjgfqfspzgecbkujkt.supabase.co/storage/v1/object/public/product-images/images/53554.jpg
14293,Men,Apparel,Topwear,Tshirts,Blue,Fall,2011,Casual,Classic Polo Men Stripes Blue Tshirts,https://vnsjgfqfspzgecbkujkt.supabase.co/storage/v1/object/public/product-images/images/14293.jpg
47366,Women,Accessories,Bags,Handbags,Blue,Summer,2012,Casual,Baggit Women Blue Bag,https://vnsjgfqfspzgecbkujkt.supabase.co/storage/v1/object/public/product-images/images/47366.jpg
6041,Men,Apparel,Topwear,Tshirts,Navy Blue,Summer,2011,Casual,UCB Men's Polo Neck With Lion Logo Navy Blue T-shirt,https://vnsjgfqfspzgecbkujkt.supabase.co/storage/v1/object/public/product-images/images/6041.jpg
23623,Girls,Apparel,Topwear,Tops,Pink,Fall,2011,Casual,Doodle Kids Girls Pink I love Shopping Top,https://vnsjgfqfspzgecbkujkt.supabase.co/storage/v1/object/public/product-images/images/23623.jpg
17416,Men,Footwear,Shoes,Sports Shoes,Black,Fall,2011,Sports,Lotto Men Atlantica Black Sports Shoe,https://vnsjgfqfspzgecbkujkt.supabase.co/storage/v1/object/public/product-images/images/17416.jpg
9835,Women,Apparel,Topwear,Tshirts,Grey,Fall,2011,Casual,Little Miss Women Printed Grey T-shirt,https://vnsjgfqfspzgecbkujkt.supabase.co/storage/v1/object/public/product-images/images/9835.jpg
29319,Unisex,Accessories,Bags,Backpacks,Red,Summer,2012,Casual,ADIDAS Unisex Chicago Bulls Red Backpack,https://vnsjgfqfspzgecbkujkt.supabase.co/storage/v1/object/public/product-images/images/29319.jpg
7193,Women,Apparel,Bottomwear,Jeans,Black,Fall,2011,Casual,Jealous 21 Women Black Jegging,https://vnsjgfqfspzgecbkujkt.supabase.co/storage/v1/object/public/product-images/images/7193.jpg
12958,Men,Footwear,Shoes,Sports Shoes,Black,Fall,2011,Sports,ADIDAS Men Sports Black Sports Shoes,https://vnsjgfqfspzgecbkujkt.supabase.co/storage/v1/object/public/product-images/images/12958.jpg
27283,Women,Apparel,Topwear,Kurtas,Magenta,Fall,2011,Ethnic,Mother Earth Women Magenta Kurta,https://vnsjgfqfspzgecbkujkt.supabase.co/storage/v1/object/public/product-images/images/27283.jpg
30234,Men,Footwear,Flip Flops,Flip Flops,Black,Summer,2012,Casual,Numero Uno Men Black Flip Flops,https://vnsjgfqfspzgecbkujkt.supabase.co/storage/v1/object/public/product-images/images/30234.jpg
9009,Women,Accessories,Bags,Handbags,Brown,Winter,2015,Casual,Murcia Women Snake Print Bag Brown Handbags,https://vnsjgfqfspzgecbkujkt.supabase.co/storage/v1/object/public/product-images/images/9009.jpg
3533,Men,Apparel,Topwear,Tshirts,Navy Blue,Summer,2011,Casual,Myntra Men's If You Don't Like Navy Blue T-shirt,https://vnsjgfqfspzgecbkujkt.supabase.co/storage/v1/object/public/product-images/images/3533.jpg
42614,Women,Accessories,Jewellery,Jewellery Set,Gold,Winter,2016,Casual,Estelle Women Earrings & Pendant Set,https://vnsjgfqfspzgecbkujkt.supabase.co/storage/v1/object/public/product-images/images/42614.jpg
12164,Women,Apparel,Topwear,Dupatta,Orange,Fall,2011,Ethnic,Aurelia Women Voile Orange Dupatta,https://vnsjgfqfspzgecbkujkt.supabase.co/storage/v1/object/public/product-images/images/12164.jpg
26351,Women,Accessories,Watches,Watches,White,Winter,2016,Casual,DKNY Women White Dial Watch NY8472,https://vnsjgfqfspzgecbkujkt.supabase.co/storage/v1/object/public/product-images/images/26351.jpg
17624,Men,Apparel,Bottomwear,Track Pants,Navy Blue,Fall,2011,Sports,ADIDAS Men Solid Navy Blue Track Pant,https://vnsjgfqfspzgecbkujkt.supabase.co/storage/v1/object/public/product-images/images/17624.jpg
47154,Girls,Apparel,Bottomwear,Capris,Black,Summer,2012,Casual,Gini and Jony Girls Black Capris,https://vnsjgfqfspzgecbkujkt.supabase.co/storage/v1/object/public/product-images/images/47154.jpg
35574,Men,Footwear,Flip Flops,Flip Flops,Red,Summer,2013,Casual,Gliders Men Esquire Red Flip Flops,https://vnsjgfqfspzgecbkujkt.supabase.co/storage/v1/object/public/product-images/images/35574.jpg
46086,Women,Footwear,Shoes,Sports Shoes,Lavender,Summer,2012,Sports,ADIDAS Women Lavender Hagkok Sports Shoes,https://vnsjgfqfspzgecbkujkt.supabase.co/storage/v1/object/public/product-images/images/46086.jpg
51031,Women,Apparel,Innerwear,Bra,White,Summer,2017,Casual,Enamor White Bra,https://vnsjgfqfspzgecbkujkt.supabase.co/storage/v1/object/public/product-images/images/51031.jpg
13284,Men,Apparel,Bottomwear,Shorts,Black,Fall,2011,Casual,Gini and Jony Kids Boys Solid Black Shorts,https://vnsjgfqfspzgecbkujkt.supabase.co/storage/v1/object/public/product-images/images/13284.jpg
54543,Men,Footwear,Shoes,Sports Shoes,White,Fall,2012,Casual,F Sports Men White Outlander Sports Shoes,https://vnsjgfqfspzgecbkujkt.supabase.co/storage/v1/object/public/product-images/images/54543.jpg
55491,Women,Personal Care,Lips,Lip Gloss,Brown,Spring,2017,Casual,Revlon Gold Dust Poussiere Doree Colorburst Lip Gloss 024,https://vnsjgfqfspzgecbkujkt.supabase.co/storage/v1/object/public/product-images/images/55491.jpg
26163,Men,Apparel,Bottomwear,Trousers,Grey,Summer,2012,Formal,John Miller Men Dark Grey Trousers,https://vnsjgfqfspzgecbkujkt.supabase.co/storage/v1/object/public/product-images/images/26163.jpg
3701,Women,Apparel,Topwear,Tshirts,Black,Summer,2011,Casual,Tantra Women Flower Heart Black Long T-shirt,https://vnsjgfqfspzgecbkujkt.supabase.co/storage/v1/object/public/product-images/images/3701.jpg
29917,Men,Accessories,Watches,Watches,White,Winter,2016,Casual,Police Men White Dial Watch PL12698JS,https://vnsjgfqfspzgecbkujkt.supabase.co/storage/v1/object/public/product-images/images/29917.jpg
42426,Women,Apparel,Topwear,Kurtas,Sea Green,Summer,2012,Ethnic,Aurelia Women Sea Green Kurta,https://vnsjgfqfspzgecbkujkt.supabase.co/storage/v1/object/public/product-images/images/42426.jpg
32751,Men,Footwear,Shoes,Casual Shoes,Black,Summer,2012,Casual,FILA Men Liga II Black Shoes,https://vnsjgfqfspzgecbkujkt.supabase.co/storage/v1/object/public/product-images/images/32751.jpg
56214,Women,Accessories,Jewellery,Earrings,Gold,Winter,2016,Casual,Estelle Women Gold Earrings,https://vnsjgfqfspzgecbkujkt.supabase.co/storage/v1/object/public/product-images/images/56214.jpg
10401,Women,Apparel,Topwear,Tops,Purple,Fall,2011,Casual,Jealous 21 Women Uaine Purple Tops,https://vnsjgfqfspzgecbkujkt.supabase.co/storage/v1/object/public/product-images/images/10401.jpg
40371,Women,Apparel,Bottomwear,Jeans,Navy Blue,Summer,2012,Casual,Tokyo Talkies Women Navy Slim Fit Jeans,https://vnsjgfqfspzgecbkujkt.supabase.co/storage/v1/object/public/product-images/images/40371.jpg
21346,Men,Accessories,Eyewear,Sunglasses,Gold,Winter,2016,Casual,Pal Zileri Men Casual Gold Frame Sunglasses,https://vnsjgfqfspzgecbkujkt.supabase.co/storage/v1/object/public/product-images/images/21346.jpg
45603,Men,Footwear,Shoes,Formal Shoes,Black,Summer,2012,Formal,Arrow Men Black Formal Shoes,https://vnsjgfqfspzgecbkujkt.supabase.co/storage/v1/object/public/product-images/images/45603.jpg
4524,Men,Footwear,Shoes,Sports Shoes,Black,Summer,2011,Sports,Puma Men's YugoRun Black White Shoe,https://vnsjgfqfspzgecbkujkt.supabase.co/storage/v1/object/public/product-images/images/4524.jpg
37223,Women,Apparel,Topwear,Tops,Blue,Summer,2012,Casual,United Colors of Benetton Women Blue Top,https://vnsjgfqfspzgecbkujkt.supabase.co/storage/v1/object/public/product-images/images/37223.jpg
53766,Men,Apparel,Topwear,Tshirts,White,Summer,2012,Casual,Puma Men White and Navy Blue T-shirt,https://vnsjgfqfspzgecbkujkt.supabase.co/storage/v1/object/public/product-images/images/53766.jpg
25520,Girls,Apparel,Topwear,Tops,White,Fall,2011,Casual,Doodle Kids Girls City Chic White Top,https://vnsjgfqfspzgecbkujkt.supabase.co/storage/v1/object/public/product-images/images/25520.jpg
32597,Women,Apparel,Topwear,Tops,Black,Summer,2012,Casual,ONLY Women Black Top,https://vnsjgfqfspzgecbkujkt.supabase.co/storage/v1/object/public/product-images/images/32597.jpg
58974,Men,Personal Care,Fragrance,Deodorant,Gold,Spring,2017,Casual,Colour me Men Gold Deo,https://vnsjgfqfspzgecbkujkt.supabase.co/storage/v1/object/public/product-images/images/58974.jpg
33445,Women,Accessories,Wallets,Wallets,Black,Summer,2012,Casual,Baggit Women Lamboo Mayur Black Wallet,https://vnsjgfqfspzgecbkujkt.supabase.co/storage/v1/object/public/product-images/images/33445.jpg
57100,Women,Apparel,Topwear,Tops,Pink,Summer,2012,Casual,Elle Women Dark Pink Top,https://vnsjgfqfspzgecbkujkt.supabase.co/storage/v1/object/public/product-images/images/57100.jpg
36137,Women,Footwear,Shoes,Sports Shoes,Pink,Summer,2012,Sports,Nike Women Free Run Pink Sports Shoes,https://vnsjgfqfspzgecbkujkt.supabase.co/storage/v1/object/public/product-images/images/36137.jpg
41859,Men,Footwear,Sandal,Sandals,Black,Summer,2016,Casual,Estd. 1977 Men Black Sandals,https://vnsjgfqfspzgecbkujkt.supabase.co/storage/v1/object/public/product-images/images/41859.jpg
21180,Men,Footwear,Flip Flops,Flip Flops,Black,Summer,2011,Casual,ADIDAS Men Adi Cells Black Flip Flops,https://vnsjgfqfspzgecbkujkt.supabase.co/storage/v1/object/public/product-images/images/21180.jpg
39943,Men,Footwear,Shoes,Casual Shoes,Brown,Summer,2013,Casual,GAS Men Brown Count Casual Shoes,https://vnsjgfqfspzgecbkujkt.supabase.co/storage/v1/object/public/product-images/images/39943.jpg
52472,Women,Apparel,Loungewear and Nightwear,Bath Robe,Pink,Winter,2015,Casual,Red Rose Women White & Pink Polka Dot Print Bath Robe,https://vnsjgfqfspzgecbkujkt.supabase.co/storage/v1/object/public/product-images/images/52472.jpg
58148,Unisex,Accessories,Headwear,Caps,White,Fall,2012,Casual,Puma Unisex White Cap,https://vnsjgfqfspzgecbkujkt.supabase.co/storage/v1/object/public/product-images/images/58148.jpg
20052,Women,Accessories,Mufflers,Mufflers,Yellow,Fall,2011,Casual,United Colors Of Benetton Women Yellow Muffler,https://vnsjgfqfspzgecbkujkt.supabase.co/storage/v1/object/public/product-images/images/20052.jpg
5630,Women,Footwear,Flip Flops,Flip Flops,Blue,Summer,2011,Casual,ADIDAS Women's Adi Groove Blue Flip Flop,https://vnsjgfqfspzgecbkujkt.supabase.co/storage/v1/object/public/product-images/images/5630.jpg
44517,Men,Footwear,Flip Flops,Flip Flops,Brown,Summer,2013,Casual,Coolers Men Brown Pokar Flip Flops,https://vnsjgfqfspzgecbkujkt.supabase.co/storage/v1/object/public/product-images/images/44517.jpg
47392,Women,Accessories,Bags,Handbags,Beige,Fall,2012,Casual,Baggit Women Beige Bag,https://vnsjgfqfspzgecbkujkt.supabase.co/storage/v1/object/public/product-images/images/47392.jpg
50325,Women,Apparel,Topwear,Kurtas,Navy Blue,Summer,2012,Ethnic,Aurelia Women Navy Blue Kurta,https://vnsjgfqfspzgecbkujkt.supabase.co/storage/v1/object/public/product-images/images/50325.jpg
8913,Men,Footwear,Shoes,Sports Shoes,White,Fall,2011,Sports,Puma Men Cabana Racer Sketch White Sports Shoes,https://vnsjgfqfspzgecbkujkt.supabase.co/storage/v1/object/public/product-images/images/8913.jpg
16530,Men,Apparel,Topwear,Shirts,Red,Fall,2011,Casual,Locomotive Men Check Red Shirt,https://vnsjgfqfspzgecbkujkt.supabase.co/storage/v1/object/public/product-images/images/16530.jpg
22705,Men,Footwear,Shoes,Casual Shoes,White,Fall,2011,Casual,Nike Men White Capri II Casual Shoe,https://vnsjgfqfspzgecbkujkt.supabase.co/storage/v1/object/public/product-images/images/22705.jpg
7167,Men,Apparel,Topwear,Shirts,Purple,Fall,2011,Casual,Scullers Men Scul Purple White Shirt,https://vnsjgfqfspzgecbkujkt.supabase.co/storage/v1/object/public/product-images/images/7167.jpg
46240,Women,Apparel,Topwear,Tunics,White,Summer,2012,Casual,Fusion Beats Women White Printed Tunic,https://vnsjgfqfspzgecbkujkt.supabase.co/storage/v1/object/public/product-images/images/46240.jpg
27277,Women,Apparel,Topwear,Kurtas,Green,Fall,2011,Ethnic,Mother Earth Women Blue Kurta,https://vnsjgfqfspzgecbkujkt.supabase.co/storage/v1/object/public/product-images/images/27277.jpg
13042,Women,Footwear,Shoes,Flats,Brown,Winter,2012,Casual,Inc 5 Women Brown Heels,https://vnsjgfqfspzgecbkujkt.supabase.co/storage/v1/object/public/product-images/images/13042.jpg
6889,Women,Apparel,Topwear,Jackets,Cream,Summer,2011,Casual,Forever New Women Stone Cream Jacket,https://vnsjgfqfspzgecbkujkt.supabase.co/storage/v1/object/public/product-images/images/6889.jpg
31312,Women,Apparel,Topwear,Kurtas,Peach,Summer,2012,Ethnic,W Women Peach Kurta,https://vnsjgfqfspzgecbkujkt.supabase.co/storage/v1/object/public/product-images/images/31312.jpg
12190,Men,Apparel,Topwear,Shirts,Blue,Fall,2011,Casual,Basics Men Blue Slim Fit Checked Shirt,https://vnsjgfqfspzgecbkujkt.supabase.co/storage/v1/object/public/product-images/images/12190.jpg
55657,Women,Footwear,Shoes,Heels,Gold,Winter,2015,Casual,Catwalk Women Golden Wedges,https://vnsjgfqfspzgecbkujkt.supabase.co/storage/v1/object/public/product-images/images/55657.jpg
19578,Women,Apparel,Topwear,Tops,Purple,Summer,2011,Casual,United Colors of Benetton Women Solid Purple Top,https://vnsjgfqfspzgecbkujkt.supabase.co/storage/v1/object/public/product-images/images/19578.jpg
27879,Women,Apparel,Topwear,Tops,Blue,Summer,2012,Casual,Scullers For Her Women Blue Top,https://vnsjgfqfspzgecbkujkt.supabase.co/storage/v1/object/public/product-images/images/27879.jpg
34452,Women,Footwear,Shoes,Flats,Copper,Winter,2012,Casual,Rocia Women Copper Sandals,https://vnsjgfqfspzgecbkujkt.supabase.co/storage/v1/object/public/product-images/images/34452.jpg
6287,Men,Apparel,Topwear,Tshirts,Yellow,Summer,2011,Casual,Classic Polo Men's Swiss Yellow T-shirt,https://vnsjgfqfspzgecbkujkt.supabase.co/storage/v1/object/public/product-images/images/6287.jpg
7355,Men,Apparel,Topwear,Tshirts,Navy Blue,Fall,2011,Casual,Tantra Men's Black Sabbath Navy T-shirt,https://vnsjgfqfspzgecbkujkt.supabase.co/storage/v1/object/public/product-images/images/7355.jpg
46072,Men,Accessories,Belts,Belts,Black,Summer,2012,Casual,Lino Perros Men Black Leather Belt,https://vnsjgfqfspzgecbkujkt.supabase.co/storage/v1/object/public/product-images/images/46072.jpg
22537,Men,Footwear,Sandal,Sandals,Tan,Summer,2013,Casual,Gas Men Eldorado Tan Casual  Sandals,https://vnsjgfqfspzgecbkujkt.supabase.co/storage/v1/object/public/product-images/images/22537.jpg
28831,Women,Apparel,Innerwear,Briefs,Brown,Summer,2017,Casual,Enamor Women Pack of 3 Mid-Rise Bikini Brief,https://vnsjgfqfspzgecbkujkt.supabase.co/storage/v1/object/public/product-images/images/28831.jpg
43500,Men,Apparel,Topwear,Tshirts,White,Summer,2012,Casual,French Connection Men White T-shirt,https://vnsjgfqfspzgecbkujkt.supabase.co/storage/v1/object/public/product-images/images/43500.jpg
2627,Women,Footwear,Shoes,Flats,Silver,Fall,2010,Casual,Carlton London Women Wedge Silver Sandal,https://vnsjgfqfspzgecbkujkt.supabase.co/storage/v1/object/public/product-images/images/2627.jpg
27045,Women,Accessories,Bags,Clutches,Off White,Summer,2012,Casual,Yelloe Off White Fur Zip Clutch,https://vnsjgfqfspzgecbkujkt.supabase.co/storage/v1/object/public/product-images/images/27045.jpg
13270,Women,Apparel,Topwear,Tops,White,Fall,2011,Casual,Palm Tree Kids Girls Printed White Tops,https://vnsjgfqfspzgecbkujkt.supabase.co/storage/v1/object/public/product-images/images/13270.jpg
18698,Men,Apparel,Innerwear,Briefs,Grey,Summer,2016,Casual,Hanes Men Grey Ultimate Duo Dry Cotton Stretch Bikini Briefs,https://vnsjgfqfspzgecbkujkt.supabase.co/storage/v1/object/public/product-images/images/18698.jpg
55465,Women,Personal Care,Lips,Lipstick,Red,Spring,2017,Casual,Revlon Super Lusterous Lipstick 304,https://vnsjgfqfspzgecbkujkt.supabase.co/storage/v1/object/public/product-images/images/55465.jpg
26197,Men,Personal Care,Fragrance,Perfume and Body Mist,Green,Spring,2017,Casual,Formula 1 Go Men Perfume,https://vnsjgfqfspzgecbkujkt.supabase.co/storage/v1/object/public/product-images/images/26197.jpg
31120,Girls,Apparel,Topwear,Tops,Pink,Summer,2012,Casual,Palm Tree Girls Pink Top,https://vnsjgfqfspzgecbkujkt.supabase.co/storage/v1/object/public/product-images/images/31120.jpg
25712,Unisex,Accessories,Headwear,Caps,Blue,Summer,2012,Sports,ADIDAS Unisex Blue Cap,https://vnsjgfqfspzgecbkujkt.supabase.co/storage/v1/object/public/product-images/images/25712.jpg
11527,Men,Apparel,Topwear,Tshirts,Olive,Fall,2011,Casual,United Colors of Benetton Men Olive Tshirts,https://vnsjgfqfspzgecbkujkt.supabase.co/storage/v1/object/public/product-images/images/11527.jpg
14869,Men,Accessories,Wallets,Wallets,Black,Summer,2011,Casual,United Colors of Benetton Men Solid Black Wallets,https://vnsjgfqfspzgecbkujkt.supabase.co/storage/v1/object/public/product-images/images/14869.jpg
40385,Women,Apparel,Topwear,Tops,Yellow,Summer,2012,Casual,Tokyo Talkies Women Yellow Top,https://vnsjgfqfspzgecbkujkt.supabase.co/storage/v1/object/public/product-images/images/40385.jpg
15187,Men,Apparel,Topwear,Tshirts,White,Fall,2011,Casual,Arrow Sport Men Solid White Polo Tshirts,https://vnsjgfqfspzgecbkujkt.supabase.co/storage/v1/object/public/product-images/images/15187.jpg
5402,Women,Footwear,Shoes,Sports Shoes,Purple,,2011,Sports,Kalenji Ekiden 200 Wn Purple 2011,https://vnsjgfqfspzgecbkujkt.supabase.co/storage/v1/object/public/product-images/images/5402.jpg
44725,Women,Footwear,Flip Flops,Flip Flops,Orange,Summer,2012,Casual,Lotto Women Coral Elegant Flip Flops,https://vnsjgfqfspzgecbkujkt.supabase.co/storage/v1/object/public/product-images/images/44725.jpg
14055,Men,Apparel,Topwear,Shirts,Green,Fall,2011,Casual,Flying Machine Men Check Green Shirts,https://vnsjgfqfspzgecbkujkt.supabase.co/storage/v1/object/public/product-images/images/14055.jpg
20260,Men,Apparel,Topwear,Tshirts,Navy Blue,Fall,2011,Casual,Wrangler Men Applique Navy Blue Tshirt,https://vnsjgfqfspzgecbkujkt.supabase.co/storage/v1/object/public/product-images/images/20260.jpg
7731,Men,Footwear,Flip Flops,Flip Flops,Grey,Winter,2011,Casual,Puma Men's Winglet II Grey Yellow White Flip Flop,https://vnsjgfqfspzgecbkujkt.supabase.co/storage/v1/object/public/product-images/images/7731.jpg
22153,Men,Footwear,Sandal,Sandals,Brown,Summer,2011,Casual,Lee Cooper Men Brown Casual Sandals,https://vnsjgfqfspzgecbkujkt.supabase.co/storage/v1/object/public/product-images/images/22153.jpg
43958,Men,Footwear,Sandal,Sandals,Olive,Fall,2012,Casual,Puma Men Olive Techno Ind Sandal,https://vnsjgfqfspzgecbkujkt.supabase.co/storage/v1/object/public/product-images/images/43958.jpg
28469,Women,Apparel,Topwear,Tshirts,Pink,Summer,2012,Casual,Urban Yoga Women Printed Pink T-shirt,https://vnsjgfqfspzgecbkujkt.supabase.co/storage/v1/object/public/product-images/images/28469.jpg
50573,Men,Apparel,Innerwear,Trunk,Charcoal,Summer,2016,Casual,Chromozome Men Charcoal Trunk Trunks,https://vnsjgfqfspzgecbkujkt.supabase.co/storage/v1/object/public/product-images/images/50573.jpg
34036,Boys,Apparel,Topwear,Shirts,Blue,Summer,2012,Casual,Palm Tree Boys Check Blue Shirt,https://vnsjgfqfspzgecbkujkt.supabase.co/storage/v1/object/public/product-images/images/34036.jpg
55001,Women,Personal Care,Lips,Lipstick,Pink,Spring,2017,NA,Lakme Absolute Lip Last Day Kiss Lip Colour,https://vnsjgfqfspzgecbkujkt.supabase.co/storage/v1/object/public/product-images/images/55001.jpg
8779,Men,Apparel,Topwear,Shirts,Navy Blue,Fall,2011,Casual,Indigo Nation Men Club Satin Hot Stepper Navy Blue Shirt,https://vnsjgfqfspzgecbkujkt.supabase.co/storage/v1/object/public/product-images/images/8779.jpg
3391,Women,Accessories,Bags,Handbags,White,Winter,2015,Casual,Murcia Women White With Stitch Bag,https://vnsjgfqfspzgecbkujkt.supabase.co/storage/v1/object/public/product-images/images/3391.jpg
43164,Men,Accessories,Watches,Watches,Black,Winter,2016,Casual,Fastrack Men Black Watch,https://vnsjgfqfspzgecbkujkt.supabase.co/storage/v1/object/public/product-images/images/43164.jpg
2243,Men,Apparel,Topwear,Tshirts,White,Fall,2010,Sports,ADIDAS Men Stripe Polo White Polo T-shirt,https://vnsjgfqfspzgecbkujkt.supabase.co/storage/v1/object/public/product-images/images/2243.jpg
30496,Women,Apparel,Innerwear,Bra,Purple,Summer,2014,Casual,Lovable Women Fiona Purple Bra,https://vnsjgfqfspzgecbkujkt.supabase.co/storage/v1/object/public/product-images/images/30496.jpg
27421,Women,Apparel,Loungewear and Nightwear,Lounge Pants,Blue,Winter,2015,Casual,Jockey Women Blue Lounge Pants,https://vnsjgfqfspzgecbkujkt.supabase.co/storage/v1/object/public/product-images/images/27421.jpg
57756,Women,Personal Care,Skin Care,Face Wash and Cleanser,Green,Spring,2017,Casual,Lotus Herbals Neem & Clove Purifying Face Wash,https://vnsjgfqfspzgecbkujkt.supabase.co/storage/v1/object/public/product-images/images/57756.jpg